{"cameraMode":{"drawMode":0,"name":"Shaded","section":"Shading Mode"},"sceneLighting":true,"audioPlay":false,"sceneViewState":{"showFog":true,"showMaterialUpdate":false,"showSkybox":true,"showFlares":true,"showImageEffects":true,"showParticleSystems":true},"in2DMode":false,"pivot":{"x":256.07379150390627,"y":238.06805419921876,"z":88.1129150390625},"rotation":{"x":-0.11774449050426483,"y":0.08924831449985504,"z":-0.010626105591654778,"w":-0.9889682531356812},"size":756.6550903320313,"orthographic":true}