{"cameraMode":{"drawMode":0,"name":"Shaded","section":"Shading Mode"},"sceneLighting":false,"audioPlay":false,"sceneViewState":{"showFog":true,"showMaterialUpdate":false,"showSkybox":true,"showFlares":true,"showImageEffects":true,"showParticleSystems":true},"in2DMode":false,"pivot":{"x":-11.466104507446289,"y":18.674999237060548,"z":0.0},"rotation":{"x":-0.01136385090649128,"y":-0.3211803734302521,"z":0.003854350419715047,"w":-0.9469420313835144},"size":10.34028148651123,"orthographic":true}