{"cameraMode":{"drawMode":0,"name":"Shaded","section":"Shading Mode"},"sceneLighting":true,"audioPlay":false,"sceneViewState":{"showFog":true,"showMaterialUpdate":false,"showSkybox":true,"showFlares":true,"showImageEffects":true,"showParticleSystems":true},"in2DMode":false,"pivot":{"x":-0.34281349182128909,"y":3.4068498611450197,"z":-3.233499765396118},"rotation":{"x":-0.11774449050426483,"y":0.08924831449985504,"z":-0.010626105591654778,"w":-0.9889682531356812},"size":9.351545333862305,"orthographic":true}